especies;guia;comentarios
Tawny-breasted Tinamou;jocotoco;Rare
Andean Tinamou;jocotoco;Uncommon
Sharp-shinned Hawk;jocotoco;Fairly Common
Harris's Hawk;jocotoco;Uncommon
Black-chested Buzzard-Eagle;jocotoco;Uncommon
Broad-winged Hawk;jocotoco;Uncommon
American Kestrel;jocotoco;Uncommon
Turkey Vulture;jocotoco;Uncommon
Black Vulture;jocotoco;Uncommon
Andean Guan;jocotoco;Uncommon
Band-tailed Pigeon;jocotoco;Fairly Common
Eared Dove;jocotoco;Fairly Common
Maroon-chested Ground Dove;jocotoco;Rare
White-tipped Dove;jocotoco;Common
White-throated Quail-Dove;jocotoco;Uncommon
Red-billed Parrot;jocotoco;Rare
Common Squirrel-Cuckoo;jocotoco;Uncommon
Dark-billed Cuckoo;jocotoco;Rare
Black-billed Cuckoo;jocotoco;Rare
Striped Cuckoo;jocotoco;Common
Groove-billed Ani;jocotoco;Fairly Common
American Barn Owl;jocotoco;Uncommon
White-throated Screech-Owl;jocotoco;Uncommon
Peruvian Pygmy-Owl;jocotoco;Fairly Common
Mottled Owl;jocotoco;Fairly Common
Striped Owl;jocotoco;Rare
Buff-fronted Owl;jocotoco;Uncommon
Common Potoo;jocotoco;Rare
Short-tailed Nighthawk;jocotoco;Rare
Common Pauraque;jocotoco;Uncommon
Band-winged Nightjar;jocotoco;Uncommon
White-collared Swift;jocotoco;Uncommon
Chestnut-collared Swift;jocotoco;Uncommon
Chimney Swift;jocotoco;Rare
White-tipped Swift;jocotoco;Uncommon
Lesser Violetear;jocotoco;Uncommon
Sparkling Violetear;jocotoco;Uncommon
Western Emerald;jocotoco;Rare
Amazilia Hummingbird;jocotoco;Fairly Common
Speckled Hummingbird;jocotoco;Uncommon
Rainbow Starfrontlet;jocotoco;Uncommon
Long-billed Starthroat;jocotoco;Rare
Purple-collared Woodstar;jocotoco;Common
Little Woodstar;jocotoco;Fairly Common
Crimson-mantled Woodpecker;jocotoco;Uncommon
Golden-olive Woodpecker;jocotoco;Uncommon
Smoky-brown Woodpecker;jocotoco;Uncommon
Pacific Hornero;jocotoco;Uncommon
Azara's Spinetail;jocotoco;Common
Line-cheeked Spinetail;jocotoco;Fairly Common
Streaked Tuftedcheek;jocotoco;Rare
Strong-billed Woodcreeper;jocotoco;Rare
Montane Woodcreeper;jocotoco;Uncommon
Scaled Antpitta;jocotoco;Uncommon
Undulated Antpitta;jocotoco;Rare
Chestnut-crowned Antpitta;jocotoco;Common
Blackish Tapaculo;jocotoco;Fairly Common
Southern Beardless-Tyrannulet;jocotoco;Fairly Common
Pacific Elaenia;jocotoco;Fairly Common
Sierran Elaenia;jocotoco;Rare
White-crested Elaenia;jocotoco;Rare
White-tailed Tyrannulet;jocotoco;Rare
Rufous-winged Tyrannulet;jocotoco;Rare
Fulvous-faced Scrub-Tyrant;jocotoco;Rare
Rufous-crowned Tody-Flycatcher;jocotoco;Uncommon
Mouse-gray Flycatcher;jocotoco;Fairly Common
Tumbes Pewee;jocotoco;Uncommon
Smoke-colored Pewee;jocotoco;Rare
Vermilion Flycatcher;jocotoco;Uncommon
Streak-throated Bush-Tyrant;jocotoco;Uncommon
Dusky-capped Flycatcher;jocotoco;Fairly Common
Tropical Kingbird;jocotoco;Uncommon
Turquoise Jay;jocotoco;Uncommon
Rufous-browed Peppershrike;jocotoco;Common
Brown-capped Vireo;jocotoco;Fairly Common
Slaty-backed Nightingale-Thrush;jocotoco;Common
Swainson's Thrush;jocotoco;Uncommon
Great Thrush;jocotoco;Uncommon
Glossy-black Thrush;jocotoco;Uncommon
Ecuadorian Thrush;jocotoco;Uncommon
Andean Slaty Thrush;jocotoco;Uncommon
Blue-and-white Swallow;jocotoco;Uncommon
Brown-bellied Swallow;jocotoco;Rare
Southern House Wren;jocotoco;Common
Black-lored Yellowthroat;jocotoco;Common
Slate-throated Redstart;jocotoco;Common
Black-crested Warbler;jocotoco;Common
Russet-crowned Warbler;jocotoco;Fairly Common
Masked Flowerpiercer;jocotoco;Uncommon
Rusty Flowerpiercer;jocotoco;Uncommon
Rufous-chested Tanager;jocotoco;Common
Fawn-breasted Tanager;jocotoco;Uncommon
Golden-rumped Euphonia;jocotoco;Uncommon
Blue-winged Mountain Tanager;jocotoco;Uncommon
Blue-gray Tanager;jocotoco;Uncommon
Blue-capped Tanager;jocotoco;Uncommon
Blue-and-yellow Tanager;jocotoco;Uncommon
Summer Tanager;jocotoco;Uncommon
Hepatic Tanager;jocotoco;Uncommon
Black-and-white Tanager;jocotoco;Fairly Common
Golden Grosbeak;jocotoco;Common
Blue-black Grassquit;jocotoco;Uncommon
Dull-colored Grassquit;jocotoco;Common
Black-and-white Seedeater;jocotoco;Uncommon
Yellow-bellied Seedeater;jocotoco;Uncommon
Ecuadorian Seedeater;jocotoco;Fairly Common
Yellow-breasted Brushfinch;jocotoco;Fairly Common
Pale-headed Brushfinch;jocotoco;Fairly Common
Gray-browed Brushfinch;jocotoco;Common
Rufous-collared Sparrow;jocotoco;Uncommon
Shiny Cowbird;jocotoco;Uncommon
Scrub Blackbird;jocotoco;Uncommon
Peruvian Meadowlark;jocotoco;Uncommon
Hooded Siskin;jocotoco;Rare
Andean Pygmy-Owl;jocotoco;Fairly Common (2100-2600m)
Gray-breasted Mountain Toucan;jocotoco;Uncommon (2100-2600m)
Tawny-rumped Tyrannulet;jocotoco;Uncommon (2100-2600m)
White-banded Tyrannulet;jocotoco;Fairly Common (2100-2600m)
Tufted Tit-Tyrant;jocotoco;Fairly Common (2100-2600m)
Rufous-breasted Chat-Tyrant;jocotoco;Fairly Common (2100-2600m)
Rufous Wren;jocotoco;Fairly Common (2100-2600m)
Spectacled Redstart;jocotoco;Common (2100-2600m)
Cinereous Conebill;jocotoco;Fairly Common (2100-2600m)
Mountain Cacique;jocotoco;Fairly Common (2100-2600m)
Western Cattle-Egret;jocotoco;Fairly Common (Scrub valley below reserve)
Variable Hawk;jocotoco;Uncommon (Scrub valley below reserve)
Crested Caracara;jocotoco;Uncommon (Scrub valley below reserve)
Andean Condor;jocotoco;Rare (Scrub valley below reserve)
Spotted Sandpiper;jocotoco;Uncommon (Scrub valley below reserve)
Croaking Ground Dove;jocotoco;Very Common (Scrub valley below reserve)
Gray-capped Cuckoo;jocotoco;?
Burrowing Owl;jocotoco;Uncommon (Scrub valley below reserve)
Lesser Nighthawk;jocotoco;Very Common (Scrub valley below reserve)
Giant Hummingbird;jocotoco;Rare (Scrub valley below reserve)
Green-tailed Trainbearer;jocotoco;Rare (Scrub valley below reserve)
Scarlet-backed Woodpecker;jocotoco;Uncommon (Scrub valley below reserve)
Yellow-bellied Elaenia;jocotoco;Fairly Common (Scrub valley below reserve)
Tumbesian Tyrannulet;jocotoco;Uncommon (Scrub valley below reserve)
Torrent Tyrannulet;jocotoco;Uncommon (Scrub valley below reserve)
Black Phoebe;jocotoco;Uncommon (Scrub valley below reserve)
Short-tailed Field-Tyrant;jocotoco;Uncommon (Scrub valley below reserve)
Chiguanco Thrush;jocotoco;Uncommon (Scrub valley below reserve)
White-capped Dipper;jocotoco;Rare (Scrub valley below reserve)
Thick-billed Euphonia;jocotoco;Uncommon (Scrub valley below reserve)
Silver-backed Tanager;jocotoco;Uncommon (Scrub valley below reserve)
Parrot-billed Seedeater;jocotoco;Fairly Common (Scrub valley below reserve)
Drab Seedeater;jocotoco;Uncommon (Scrub valley below reserve)
Chestnut-throated Seedeater;jocotoco;Fairly Common (Scrub valley below reserve)
Band-tailed Seedeater;jocotoco;Uncommon (Scrub valley below reserve)
Ash-breasted Sierra Finch;jocotoco;Fairly Common (Scrub valley below reserve)
Band-tailed Sierra Finch;jocotoco;Uncommon (Scrub valley below reserve)
Saffron Finch;jocotoco;Fairly Common (Scrub valley below reserve)
Grassland Yellow-Finch;jocotoco;Fairly Common (Scrub valley below reserve)
Blackburnian Warbler;ebird;Ver foto https://ebird.org/checklist/S323869543
Stygian Owl;ebird;Ver foto https://ebird.org/checklist/S94695392
Sickle-winged Guan;ebird;Ver foto https://ebird.org/checklist/S114532413
Zone-tailed Hawk;ebird;Ver foto https://ebird.org/checklist/S113288857
Plumbeous Kite;ebird;Ver foto https://ebird.org/checklist/S289462945
Peregrine Falcon;ebird;Ver foto https://ebird.org/checklist/S122125016
Tropical Parula;ebird;Ver foto https://ebird.org/checklist/S122492008
Great Egret;ebird;Ver foto https://ebird.org/checklist/S78661120
Olive-crowned Yellowthroat;ebird;Ver foto https://ebird.org/checklist/S114597400
Yellow-tailed Oriole;ebird;Ver foto https://ebird.org/checklist/S151350351
Gray-breasted Flycatcher;ebird;Ver foto https://ebird.org/checklist/S78661120
Chivi Vireo;ebird;Ver foto https://ebird.org/checklist/S124331059
Smooth-billed Ani;ebird;Ver foto https://ebird.org/checklist/S122492008
Cryptic Becard;ebird;Ver foto https://ebird.org/checklist/S102123554
Greenish Elaenia;ebird;Ver foto https://ebird.org/checklist/S141727216
Fasciated Tiger-Heron;ebird;Ver foto https://ebird.org/checklist/S216268011
White-bellied Woodstar;ebird;Ver foto https://ebird.org/checklist/S47824294
Roadside Hawk;ebird;Ver foto https://ebird.org/checklist/S269686495
Brown Violetear;ebird;Ver foto https://ebird.org/checklist/S112370334